-- phpMyAdmin SQL Dump
-- version 5.1.1
-- https://www.phpmyadmin.net/
--
-- Host: 127.0.0.1
-- Generation Time: Jan 17, 2022 at 03:52 PM
-- Server version: 10.4.22-MariaDB
-- PHP Version: 8.0.14

SET SQL_MODE = "NO_AUTO_VALUE_ON_ZERO";
START TRANSACTION;
SET time_zone = "+00:00";


/*!40101 SET @OLD_CHARACTER_SET_CLIENT=@@CHARACTER_SET_CLIENT */;
/*!40101 SET @OLD_CHARACTER_SET_RESULTS=@@CHARACTER_SET_RESULTS */;
/*!40101 SET @OLD_COLLATION_CONNECTION=@@COLLATION_CONNECTION */;
/*!40101 SET NAMES utf8mb4 */;

--
-- Database: `mypos`
--

-- --------------------------------------------------------

--
-- Table structure for table `customer`
--

CREATE TABLE `customer` (
  `customer_id` int(11) NOT NULL,
  `name` varchar(100) NOT NULL,
  `gender` enum('L','P') NOT NULL,
  `phone` varchar(15) NOT NULL,
  `address` text NOT NULL,
  `created` datetime NOT NULL DEFAULT current_timestamp(),
  `updated` datetime DEFAULT NULL
) ENGINE=InnoDB DEFAULT CHARSET=latin1;

--
-- Dumping data for table `customer`
--

INSERT INTO `customer` (`customer_id`, `name`, `gender`, `phone`, `address`, `created`, `updated`) VALUES
(1, 'Dimas', 'L', '1423141341', 'cerme\r\n', '2022-01-08 20:35:04', '2022-01-08 14:50:03'),
(5, 'Agus', 'P', '054695645', 'Gresik', '2022-01-08 20:49:34', '2022-01-15 17:22:42');

-- --------------------------------------------------------

--
-- Table structure for table `p_category`
--

CREATE TABLE `p_category` (
  `category_id` int(11) NOT NULL,
  `name` varchar(100) NOT NULL,
  `created` datetime NOT NULL,
  `updated` datetime NOT NULL
) ENGINE=InnoDB DEFAULT CHARSET=latin1;

--
-- Dumping data for table `p_category`
--

INSERT INTO `p_category` (`category_id`, `name`, `created`, `updated`) VALUES
(2, 'Minuman', '0000-00-00 00:00:00', '2022-01-09 16:29:03'),
(3, 'Makanan', '0000-00-00 00:00:00', '2022-01-09 16:29:08'),
(4, 'ATK', '0000-00-00 00:00:00', '0000-00-00 00:00:00');

-- --------------------------------------------------------

--
-- Table structure for table `p_item`
--

CREATE TABLE `p_item` (
  `item_id` int(11) NOT NULL,
  `barcode` varchar(100) DEFAULT NULL,
  `name` varchar(100) DEFAULT NULL,
  `category_id` int(11) NOT NULL,
  `unit_id` int(11) NOT NULL,
  `price` int(11) DEFAULT NULL,
  `stock` int(10) NOT NULL DEFAULT 0,
  `image` varchar(100) DEFAULT NULL,
  `created` datetime NOT NULL DEFAULT current_timestamp(),
  `updated` datetime DEFAULT NULL
) ENGINE=InnoDB DEFAULT CHARSET=latin1;

--
-- Dumping data for table `p_item`
--

INSERT INTO `p_item` (`item_id`, `barcode`, `name`, `category_id`, `unit_id`, `price`, `stock`, `image`, `created`, `updated`) VALUES
(20, 'AA1', 'Permen', 3, 3, 1000, 100, 'item-220115-5df5ae2c7a.jpg', '2022-01-10 20:27:39', '2022-01-15 17:27:17'),
(21, 'AA2', 'Penghapus', 4, 3, 1000, 0, 'item-220115-ec4cfe3d52.jpg', '2022-01-10 20:37:18', '2022-01-15 17:27:27'),
(23, 'A1', 'Kopikap', 2, 3, 2000, 50, 'item-220115-1846b9cd31.jpeg', '2022-01-15 23:54:05', NULL),
(24, 'A2', 'Pocari Sweat', 2, 3, 8000, 20, 'item-220115-577648e9e8.jpg', '2022-01-15 23:54:50', NULL),
(25, 'A3', 'Pensil', 4, 3, 2000, 50, 'item-220115-a0b2f37954.png', '2022-01-15 23:55:18', NULL);

-- --------------------------------------------------------

--
-- Table structure for table `p_unit`
--

CREATE TABLE `p_unit` (
  `unit_id` int(11) NOT NULL,
  `name` varchar(100) NOT NULL,
  `created` datetime NOT NULL,
  `updated` datetime NOT NULL
) ENGINE=InnoDB DEFAULT CHARSET=latin1;

--
-- Dumping data for table `p_unit`
--

INSERT INTO `p_unit` (`unit_id`, `name`, `created`, `updated`) VALUES
(2, 'Kilogram', '0000-00-00 00:00:00', '2022-01-09 16:43:17'),
(3, 'Buah', '0000-00-00 00:00:00', '2022-01-09 16:43:13');

-- --------------------------------------------------------

--
-- Table structure for table `supplier`
--

CREATE TABLE `supplier` (
  `supplier_id` int(11) NOT NULL,
  `name` varchar(100) NOT NULL,
  `phone` varchar(15) NOT NULL,
  `address` varchar(200) NOT NULL,
  `description` text DEFAULT NULL,
  `created` datetime NOT NULL DEFAULT current_timestamp(),
  `updated` datetime DEFAULT NULL
) ENGINE=InnoDB DEFAULT CHARSET=latin1;

--
-- Dumping data for table `supplier`
--

INSERT INTO `supplier` (`supplier_id`, `name`, `phone`, `address`, `description`, `created`, `updated`) VALUES
(1, 'Toko A', '012345678', 'Gresik', NULL, '2022-01-07 21:27:01', '2022-01-07 15:25:57'),
(2, 'Toko B ', '09876543212', 'Benjeng ', 'Toko ATK 42', '2022-01-07 21:27:01', '2022-01-15 17:21:43');

-- --------------------------------------------------------

--
-- Table structure for table `t_sale`
--

CREATE TABLE `t_sale` (
  `sale_id` int(11) NOT NULL,
  `invoice` varchar(50) NOT NULL,
  `customer_id` int(11) DEFAULT NULL,
  `total_price` int(11) NOT NULL,
  `discount` int(11) NOT NULL,
  `final_price` int(11) NOT NULL,
  `cash` int(11) NOT NULL,
  `remaining` int(11) NOT NULL,
  `note` text NOT NULL,
  `date` date NOT NULL,
  `user_id` int(11) NOT NULL,
  `created` datetime NOT NULL DEFAULT current_timestamp()
) ENGINE=InnoDB DEFAULT CHARSET=latin1;

--
-- Dumping data for table `t_sale`
--

INSERT INTO `t_sale` (`sale_id`, `invoice`, `customer_id`, `total_price`, `discount`, `final_price`, `cash`, `remaining`, `note`, `date`, `user_id`, `created`) VALUES
(1, 'M2G2201170001', NULL, 123, 1314, 13431, 134141324, 43141314, '', '2022-01-17', 1, '2022-01-17 19:52:23');

-- --------------------------------------------------------

--
-- Table structure for table `t_stock`
--

CREATE TABLE `t_stock` (
  `stock_id` int(11) NOT NULL,
  `item_id` int(11) NOT NULL,
  `type` enum('in','out') NOT NULL,
  `detail` varchar(200) NOT NULL,
  `supplier_id` int(11) DEFAULT NULL,
  `qty` int(10) NOT NULL,
  `date` date NOT NULL,
  `created` datetime NOT NULL DEFAULT current_timestamp(),
  `user_id` int(11) NOT NULL
) ENGINE=InnoDB DEFAULT CHARSET=latin1;

--
-- Dumping data for table `t_stock`
--

INSERT INTO `t_stock` (`stock_id`, `item_id`, `type`, `detail`, `supplier_id`, `qty`, `date`, `created`, `user_id`) VALUES
(7, 23, 'in', 'Kulakan', 1, 50, '2022-01-15', '2022-01-15 23:55:41', 1),
(8, 24, 'in', 'Kulakan', 1, 20, '2022-01-15', '2022-01-15 23:55:54', 1),
(9, 25, 'in', 'Kulakan', 2, 50, '2022-01-15', '2022-01-15 23:56:06', 1),
(10, 20, 'in', 'Kulakan', 1, 100, '2022-01-15', '2022-01-15 23:56:25', 1);

-- --------------------------------------------------------

--
-- Table structure for table `user`
--

CREATE TABLE `user` (
  `user_id` int(11) NOT NULL,
  `username` varchar(40) NOT NULL,
  `password` varchar(40) NOT NULL,
  `name` varchar(100) NOT NULL,
  `address` varchar(200) DEFAULT NULL,
  `level` int(1) NOT NULL COMMENT '1:admin,2:kasir'
) ENGINE=InnoDB DEFAULT CHARSET=latin1;

--
-- Dumping data for table `user`
--

INSERT INTO `user` (`user_id`, `username`, `password`, `name`, `address`, `level`) VALUES
(1, 'admin', 'd033e22ae348aeb5660fc2140aec35850c4da997', 'Dimas Ragil Firmansyah', 'Cerme', 1),
(2, 'kasir1', '38dec68d4b5cbb2506cf1710a40f28a65b5d3dcc', 'Agus', 'Cerme', 2);

--
-- Indexes for dumped tables
--

--
-- Indexes for table `customer`
--
ALTER TABLE `customer`
  ADD PRIMARY KEY (`customer_id`);

--
-- Indexes for table `p_category`
--
ALTER TABLE `p_category`
  ADD PRIMARY KEY (`category_id`);

--
-- Indexes for table `p_item`
--
ALTER TABLE `p_item`
  ADD PRIMARY KEY (`item_id`),
  ADD UNIQUE KEY `barcode` (`barcode`),
  ADD KEY `category_id` (`category_id`),
  ADD KEY `unit_id` (`unit_id`);

--
-- Indexes for table `p_unit`
--
ALTER TABLE `p_unit`
  ADD PRIMARY KEY (`unit_id`);

--
-- Indexes for table `supplier`
--
ALTER TABLE `supplier`
  ADD PRIMARY KEY (`supplier_id`);

--
-- Indexes for table `t_sale`
--
ALTER TABLE `t_sale`
  ADD PRIMARY KEY (`sale_id`);

--
-- Indexes for table `t_stock`
--
ALTER TABLE `t_stock`
  ADD PRIMARY KEY (`stock_id`),
  ADD KEY `item_id` (`item_id`),
  ADD KEY `supplier_id` (`supplier_id`),
  ADD KEY `user_id` (`user_id`);

--
-- Indexes for table `user`
--
ALTER TABLE `user`
  ADD PRIMARY KEY (`user_id`);

--
-- AUTO_INCREMENT for dumped tables
--

--
-- AUTO_INCREMENT for table `customer`
--
ALTER TABLE `customer`
  MODIFY `customer_id` int(11) NOT NULL AUTO_INCREMENT, AUTO_INCREMENT=8;

--
-- AUTO_INCREMENT for table `p_category`
--
ALTER TABLE `p_category`
  MODIFY `category_id` int(11) NOT NULL AUTO_INCREMENT, AUTO_INCREMENT=5;

--
-- AUTO_INCREMENT for table `p_item`
--
ALTER TABLE `p_item`
  MODIFY `item_id` int(11) NOT NULL AUTO_INCREMENT, AUTO_INCREMENT=26;

--
-- AUTO_INCREMENT for table `p_unit`
--
ALTER TABLE `p_unit`
  MODIFY `unit_id` int(11) NOT NULL AUTO_INCREMENT, AUTO_INCREMENT=6;

--
-- AUTO_INCREMENT for table `supplier`
--
ALTER TABLE `supplier`
  MODIFY `supplier_id` int(11) NOT NULL AUTO_INCREMENT, AUTO_INCREMENT=9;

--
-- AUTO_INCREMENT for table `t_sale`
--
ALTER TABLE `t_sale`
  MODIFY `sale_id` int(11) NOT NULL AUTO_INCREMENT, AUTO_INCREMENT=3;

--
-- AUTO_INCREMENT for table `t_stock`
--
ALTER TABLE `t_stock`
  MODIFY `stock_id` int(11) NOT NULL AUTO_INCREMENT, AUTO_INCREMENT=15;

--
-- AUTO_INCREMENT for table `user`
--
ALTER TABLE `user`
  MODIFY `user_id` int(11) NOT NULL AUTO_INCREMENT, AUTO_INCREMENT=8;

--
-- Constraints for dumped tables
--

--
-- Constraints for table `p_item`
--
ALTER TABLE `p_item`
  ADD CONSTRAINT `p_item_ibfk_1` FOREIGN KEY (`category_id`) REFERENCES `p_category` (`category_id`),
  ADD CONSTRAINT `p_item_ibfk_2` FOREIGN KEY (`unit_id`) REFERENCES `p_unit` (`unit_id`);

--
-- Constraints for table `t_stock`
--
ALTER TABLE `t_stock`
  ADD CONSTRAINT `t_stock_ibfk_1` FOREIGN KEY (`item_id`) REFERENCES `p_item` (`item_id`) ON DELETE CASCADE ON UPDATE CASCADE,
  ADD CONSTRAINT `t_stock_ibfk_2` FOREIGN KEY (`supplier_id`) REFERENCES `supplier` (`supplier_id`),
  ADD CONSTRAINT `t_stock_ibfk_3` FOREIGN KEY (`user_id`) REFERENCES `user` (`user_id`);
COMMIT;

/*!40101 SET CHARACTER_SET_CLIENT=@OLD_CHARACTER_SET_CLIENT */;
/*!40101 SET CHARACTER_SET_RESULTS=@OLD_CHARACTER_SET_RESULTS */;
/*!40101 SET COLLATION_CONNECTION=@OLD_COLLATION_CONNECTION */;
